{"IcoMoonType":"selection","icons":[{"icon":{"paths":["M288 320h-192c-17.6 0-32 14.4-32 32v576c0 17.6 14.4 32 32 32h192c17.6 0 32-14.4 32-32v-576c0-17.6-14.4-32-32-32zM288 896h-192v-256h192v256zM608 192h-192c-17.6 0-32 14.4-32 32v704c0 17.6 14.4 32 32 32h192c17.6 0 32-14.4 32-32v-704c0-17.6-14.4-32-32-32zM608 896h-192v-320h192v320zM928 64h-192c-17.6 0-32 14.4-32 32v832c0 17.6 14.4 32 32 32h192c17.6 0 32-14.4 32-32v-832c0-17.6-14.4-32-32-32zM928 896h-192v-384h192v384z"],"tags":["stats-bars","stats","statistics","chart"],"defaultCode":59805,"grid":16,"attrs":[]},"attrs":[],"properties":{"ligatures":"stats-bars2, stats4","name":"stats-bars2","order":5,"id":158,"prevSize":32,"code":59805},"setIdx":0,"setId":1,"iconIdx":157},{"icon":{"paths":["M621.254 877.254l320-320c24.994-24.992 24.994-65.516 0-90.51l-320-320c-24.994-24.992-65.516-24.992-90.51 0-24.994 24.994-24.994 65.516 0 90.51l210.746 210.746h-613.49c-35.346 0-64 28.654-64 64s28.654 64 64 64h613.49l-210.746 210.746c-12.496 12.496-18.744 28.876-18.744 45.254s6.248 32.758 18.744 45.254c24.994 24.994 65.516 24.994 90.51 0z"],"tags":["arrow-right","right","next"],"defaultCode":59964,"grid":16,"attrs":[]},"attrs":[],"properties":{"ligatures":"arrow-right2, right4","name":"arrow-right2","order":6,"id":317,"prevSize":32,"code":59964},"setIdx":0,"setId":1,"iconIdx":316},{"icon":{"paths":["M896 0h-768c-70.4 0-128 57.6-128 128v768c0 70.4 57.6 128 128 128h768c70.4 0 128-57.6 128-128v-768c0-70.4-57.6-128-128-128zM448 794.51l-237.254-237.256 90.51-90.508 146.744 146.744 306.746-306.746 90.508 90.51-397.254 397.256z"],"tags":["checkbox-checked","checkbox","tick","checked","selected"],"defaultCode":59986,"grid":16,"attrs":[]},"attrs":[],"properties":{"ligatures":"checkbox-checked, checkbox","name":"checkbox-checked","order":7,"id":339,"prevSize":32,"code":59986},"setIdx":0,"setId":1,"iconIdx":338}],"height":1024,"metadata":{"name":"icomoon"},"preferences":{"showGlyphs":true,"showQuickUse":true,"showQuickUse2":true,"showSVGs":true,"fontPref":{"prefix":"icon-","metadata":{"fontFamily":"icomoon"},"metrics":{"emSize":1024,"baseline":6.25,"whitespace":50},"embed":false},"imagePref":{"prefix":"icon-","png":true,"useClassSelector":true,"color":0,"bgColor":16777215,"classSelector":".icon"},"historySize":50,"showCodes":true,"gridSize":16}}